,Estimate!!Total!!Total households,Estimate!!Total!!Total households!!TYPES OF COMPUTER!!Has one or more types of computing devices:,Estimate!!Total!!Total households!!TYPES OF COMPUTER!!Has one or more types of computing devices:!!Desktop or laptop,Estimate!!Total!!Total households!!TYPES OF COMPUTER!!Has one or more types of computing devices:!!Desktop or laptop!!Desktop or laptop with no other type of computing device,Estimate!!Total!!Total households!!TYPES OF COMPUTER!!Has one or more types of computing devices:!!Smartphone,Estimate!!Total!!Total households!!TYPES OF COMPUTER!!Has one or more types of computing devices:!!Smartphone!!Smartphone with no other type of computing device,Estimate!!Total!!Total households!!TYPES OF COMPUTER!!Has one or more types of computing devices:!!Tablet or other portable wireless computer,Estimate!!Total!!Total households!!TYPES OF COMPUTER!!Has one or more types of computing devices:!!Tablet or other portable wireless computer!!Tablet or other portable wireless computer with no other type of computing device,Estimate!!Total!!Total households!!TYPES OF COMPUTER!!Has one or more types of computing devices:!!Other computer,Estimate!!Total!!Total households!!TYPES OF COMPUTER!!Has one or more types of computing devices:!!Other computer!!Other computer with no other type of computing device,Estimate!!Total!!Total households!!TYPES OF COMPUTER!!No computer,Estimate!!Total!!Total households!!TYPE OF INTERNET SUBSCRIPTIONS!!With an Internet subscription:,Estimate!!Total!!Total households!!TYPE OF INTERNET SUBSCRIPTIONS!!With an Internet subscription:!!Dial-up with no other type of Internet subscription,Estimate!!Total!!Total households!!TYPE OF INTERNET SUBSCRIPTIONS!!With an Internet subscription:!!Broadband of any type,Estimate!!Total!!Total households!!TYPE OF INTERNET SUBSCRIPTIONS!!With an Internet subscription:!!Broadband of any type!!Cellular data plan,Estimate!!Total!!Total households!!TYPE OF INTERNET SUBSCRIPTIONS!!With an Internet subscription:!!Broadband of any type!!Cellular data plan!!Cellular data plan with no other type of Internet subscription,"Estimate!!Total!!Total households!!TYPE OF INTERNET SUBSCRIPTIONS!!With an Internet subscription:!!Broadband of any type!!Broadband such as cable, fiber optic or DSL",Estimate!!Total!!Total households!!TYPE OF INTERNET SUBSCRIPTIONS!!With an Internet subscription:!!Broadband of any type!!Satellite Internet service,Estimate!!Total!!Total households!!TYPE OF INTERNET SUBSCRIPTIONS!!Without an Internet subscription,"Estimate!!Total!!Total households!!HOUSEHOLD INCOME IN THE PAST 12 MONTHS (IN 2021 INFLATION-ADJUSTED DOLLARS)!!Less than $20,000:","Estimate!!Total!!Total households!!HOUSEHOLD INCOME IN THE PAST 12 MONTHS (IN 2021 INFLATION-ADJUSTED DOLLARS)!!Less than $20,000:!!With dial-up Internet subscription alone","Estimate!!Total!!Total households!!HOUSEHOLD INCOME IN THE PAST 12 MONTHS (IN 2021 INFLATION-ADJUSTED DOLLARS)!!Less than $20,000:!!With a broadband Internet subscription","Estimate!!Total!!Total households!!HOUSEHOLD INCOME IN THE PAST 12 MONTHS (IN 2021 INFLATION-ADJUSTED DOLLARS)!!Less than $20,000:!!Without an Internet subscription","Estimate!!Total!!Total households!!HOUSEHOLD INCOME IN THE PAST 12 MONTHS (IN 2021 INFLATION-ADJUSTED DOLLARS)!!$20,000 to $74,999:","Estimate!!Total!!Total households!!HOUSEHOLD INCOME IN THE PAST 12 MONTHS (IN 2021 INFLATION-ADJUSTED DOLLARS)!!$20,000 to $74,999:!!With dial-up Internet subscription alone","Estimate!!Total!!Total households!!HOUSEHOLD INCOME IN THE PAST 12 MONTHS (IN 2021 INFLATION-ADJUSTED DOLLARS)!!$20,000 to $74,999:!!With a broadband Internet subscription","Estimate!!Total!!Total households!!HOUSEHOLD INCOME IN THE PAST 12 MONTHS (IN 2021 INFLATION-ADJUSTED DOLLARS)!!$20,000 to $74,999:!!Without an Internet subscription","Estimate!!Total!!Total households!!HOUSEHOLD INCOME IN THE PAST 12 MONTHS (IN 2021 INFLATION-ADJUSTED DOLLARS)!!$75,000 or more:","Estimate!!Total!!Total households!!HOUSEHOLD INCOME IN THE PAST 12 MONTHS (IN 2021 INFLATION-ADJUSTED DOLLARS)!!$75,000 or more:!!With dial-up Internet subscription alone","Estimate!!Total!!Total households!!HOUSEHOLD INCOME IN THE PAST 12 MONTHS (IN 2021 INFLATION-ADJUSTED DOLLARS)!!$75,000 or more:!!With a broadband Internet subscription","Estimate!!Total!!Total households!!HOUSEHOLD INCOME IN THE PAST 12 MONTHS (IN 2021 INFLATION-ADJUSTED DOLLARS)!!$75,000 or more:!!Without an Internet subscription",Year,State
2,1902983,1706822,1327877,68577,1583350,249529,1075083,20508,40511,477,196161,1568246,6930,1561316,1411686,297136,1165331,164272,334737,343866,946,209138,133782,861179,3756,697056,160367,697938,2228,655122,40588,2021,ALABAMA
3,260561,248873,210361,7831,235352,23730,169967,1662,11794,18,11688,230942,594,230348,210585,40803,179416,14986,29619,26557,189,17102,9266,95042,275,80702,14065,138962,130,132544,6288,2021,ALASKA
4,2683557,2533201,2184385,100413,2362796,218267,1726835,19314,72595,797,150356,2373235,6759,2366476,2127595,296233,1951944,223061,310322,337028,1515,231271,104242,1163058,3863,999582,159613,1183471,1381,1135623,46467,2021,ARIZONA
5,1158460,1040511,794954,42336,968156,168630,640020,9860,19558,241,117949,926644,2959,923685,832632,190418,661390,100239,231816,205128,603,120001,84524,562969,1862,443850,117257,390363,494,359834,30035,2021,ARKANSAS
6,13217586,12586778,11016839,390716,11921237,951989,8886661,84427,442803,3267,630808,11972473,22196,11950277,11046602,1345409,10119562,1071967,1245113,1475943,4614,1053214,418115,4498071,10832,3911365,575874,7243572,6750,6985698,251124,2021,CALIFORNIA
7,2227932,2131145,1908287,78252,2000172,134296,1507228,14122,53059,496,96787,2030938,5316,2025622,1849856,195480,1732510,171843,196994,223916,1177,162447,60292,820740,2655,719109,98976,1183276,1484,1144066,37726,2021,COLORADO
8,1397324,1302764,1136950,60288,1198381,95321,907139,14081,30603,333,94560,1245301,3142,1242159,1101285,127341,1091344,49110,152023,157849,479,106170,51200,479659,1491,404003,74165,759816,1172,731986,26658,2021,CONNECTICUT
9,381097,359187,302465,14877,332667,32139,247876,3713,9030,61,21910,340926,771,340155,309304,37642,293141,16167,40171,42804,71,31332,11401,153061,498,131575,20988,185232,202,177248,7782,2021,DELAWARE
10,310104,292737,256104,6787,280500,24497,200204,1685,7850,116,17367,270614,278,270336,253175,27241,237698,10618,39490,45698,91,29797,15810,83109,136,67630,15343,181297,51,172909,8337,2021,WASHINGTON DC
11,8157420,7693785,6582540,307381,7161778,693061,5153069,65553,255427,2323,463635,7130369,13854,7116515,6417376,870141,6009922,491069,1027051,1134220,2719,778222,353279,3669977,7953,3147797,514227,3353223,3182,3190496,159545,2021,FLORIDA
12,3885371,3619549,3053778,120735,3411154,361352,2473106,29260,95806,769,265822,3355363,5092,3350271,3053581,437984,2763437,300338,530008,546146,988,354193,190965,1643977,2769,1379684,261524,1695248,1335,1616394,77519,2021,GEORGIA
13,478413,447987,388411,16389,419586,33411,324486,3801,11186,72,30426,425392,1158,424234,389649,46567,368182,21142,53021,46368,137,31613,14618,157293,561,132727,24005,274752,460,259894,14398,2021,HAWAII
14,657101,619106,539991,28155,571881,47193,426371,5254,14805,189,37995,581034,2499,578535,521671,74834,452890,73731,76067,78633,343,53591,24699,307543,1463,265581,40499,270925,693,259363,10869,2021,IDAHO
15,4930255,4567827,3884332,179329,4258804,422425,3115353,41643,136196,1256,362428,4296666,11299,4285367,3890519,556176,3541238,341353,633589,637478,2240,416143,219095,1900668,6384,1584206,310078,2392109,2675,2285018,104416,2021,ILLINOIS
16,2622601,2404899,1972025,107511,2219374,261990,1584032,25042,55026,549,217702,2242469,7551,2234918,2011466,333032,1768719,201158,380132,354516,1339,230738,122439,1197817,4482,990162,203173,1070268,1730,1014018,54520,2021,INDIANA
17,1275893,1169965,981780,59203,1066713,113713,772065,14281,22407,321,105928,1088445,5388,1083057,974691,159243,858331,101256,187448,160181,984,98532,60665,562876,3003,461735,98138,552836,1401,522790,28645,2021,IOWA
18,1139738,1062203,892915,49087,979328,103679,705233,10702,24325,168,77535,988695,2708,985987,888985,128764,802372,83583,151043,141349,601,92952,47796,509218,1623,427235,80360,489171,484,465800,22887,2021,KANSAS
19,1748475,1576610,1259484,68459,1446987,190183,1040615,21891,46178,362,171865,1466763,4428,1462335,1304709,227583,1157684,123297,281712,307390,1137,190728,115525,800505,2454,663977,134074,640580,837,607630,32113,2021,KENTUCKY
20,1748688,1565982,1204737,53909,1469080,246139,960133,15602,42975,498,182706,1421966,2857,1419109,1283889,247218,1091011,149048,326722,348442,445,206431,141566,759910,1546,611126,147238,640336,866,601552,37918,2021,LOUISIANA
21,571064,525832,457706,37956,458114,33823,355841,8163,10662,148,45232,494222,2967,491255,418877,46611,423754,26862,76842,79684,527,49371,29786,250141,1919,211375,36847,241239,521,230509,10209,2021,MAINE
22,2294270,2169790,1925133,83230,2023415,144472,1576033,17297,69333,532,124480,2062953,4113,2058840,1885824,220349,1785335,108410,231317,221532,447,150945,70140,731338,2178,617810,111350,1341400,1488,1290085,49827,2021,MARYLAND
23,2714448,2538022,2238681,118163,2331821,164156,1790958,29275,57020,881,176426,2436099,4633,2431466,2199035,230642,2163029,77685,278349,326150,865,220644,104641,846108,2482,719532,124094,1542190,1286,1491290,49614,2021,MASSACHUSETTS
24,3976729,3675302,3065044,169815,3367312,365763,2444963,44160,81062,1127,301427,3446973,9831,3437142,3062215,494185,2758563,266468,529756,552398,1836,369241,181321,1749318,5937,1465936,277445,1675013,2058,1601965,70990,2021,MICHIGAN
25,2229100,2091392,1830675,94746,1926966,143584,1461414,21022,50344,566,137708,1982919,7891,1975028,1790732,228620,1652519,146945,246181,226484,1232,149411,75841,850698,4675,718856,127167,1151918,1984,1106761,43173,2021,MINNESOTA
26,1108670,979889,718804,35717,916750,179985,582498,10967,23400,279,128781,867205,2431,864774,787772,210948,579444,118125,241465,234351,484,132496,101371,515643,1351,404170,110122,358676,596,328108,29972,2021,MISSISSIPPI
27,2433819,2240530,1843032,104612,2063780,248187,1464210,22587,53795,602,193289,2077498,6393,2071105,1887560,320279,1610088,212193,356321,344940,1227,219724,123989,1103606,3845,916618,183143,985273,1321,934763,49189,2021,MISSOURI
28,436481,400534,346341,23965,359369,30414,265542,5009,8140,49,35947,374609,2722,371887,324752,50153,290570,40368,61872,59584,463,38621,20500,204392,1612,170003,32777,172505,647,163263,8595,2021,MONTANA
29,766887,711363,602740,34257,651060,60747,491206,8590,18204,244,55524,671946,2826,669120,602081,82368,549673,54056,94941,91539,498,60346,30695,335889,1545,284699,49645,339459,783,324075,14601,2021,NEBRASKA
30,1141952,1081432,919307,43011,1010651,102704,718827,7533,39610,361,60520,999218,1998,997220,908867,120553,840482,86492,142734,145635,521,101050,44064,494249,1114,421353,71782,502068,363,474817,26888,2021,NEVADA
31,540498,510443,458004,28679,460280,26128,363576,5329,14691,161,30055,488444,1579,486865,425262,37742,437788,17355,52054,50152,237,33215,16700,193109,915,165956,26238,297237,427,287694,9116,2021,NEW HAMPSHIRE
32,3397156,3189414,2803506,131728,2965965,224318,2255265,30438,76877,447,207742,3042680,5961,3036719,2800443,309229,2673017,134386,354476,354408,898,233223,120287,1090649,2935,921294,166420,1952099,2128,1882202,67769,2021,NEW JERSEY
33,797596,715435,581118,34145,657087,90252,448575,7003,29515,214,82161,641427,2985,638442,556483,97040,496155,71804,156169,148435,489,87895,60051,365800,1602,288263,75935,283361,894,262284,20183,2021,NEW MEXICO
34,7530150,6941225,5949202,325867,6375840,569110,4751584,79224,208706,2359,588925,6560672,15745,6544927,5839509,772192,5625988,298961,969478,1076518,3208,712464,360846,2682490,8385,2234026,440079,3771142,4152,3598437,168553,2021,NEW YORK
35,4034684,3712354,3115482,152423,3446739,379790,2461379,36290,93494,891,322330,3454393,7773,3446620,3070933,416578,2890783,250760,580291,595302,1463,375515,218324,1807094,4864,1513974,288256,1632288,1446,1557131,73711,2021,NORTH CAROLINA
36,316542,291910,248409,13883,267996,24263,199862,3074,6254,73,24632,267314,630,266684,238810,29440,229527,16784,49228,40216,74,24206,15936,131676,380,107786,23510,144650,176,134692,9782,2021,NORTH DAKOTA
37,4754161,4368120,3629510,215739,3985576,432231,2937564,53849,104826,1416,386041,4113493,12156,4101337,3656847,494861,3430455,293013,640668,692082,2103,458539,231440,2105206,7270,1769706,328230,1956873,2783,1873092,80998,2021,OHIO
38,1503868,1383956,1084214,52202,1297339,202451,864205,11664,39781,226,119912,1265814,3118,1262696,1145852,244223,919845,137678,238054,228404,660,146644,81100,711996,1810,586979,123207,563468,648,529073,33747,2021,OKLAHOMA
39,1658091,1575572,1388729,72146,1455337,108373,1079896,12225,37849,425,82519,1488951,4945,1484006,1348590,164827,1239795,110391,169140,205896,912,147248,57736,675760,2750,589848,83162,776435,1283,746910,28242,2021,OREGON
40,5147783,4678319,3977293,258632,4220918,401350,3173116,62651,110626,1454,469464,4433418,18353,4415065,3930565,515712,3773120,222823,714365,690943,3130,443972,243841,2119500,10996,1738141,370363,2337340,4227,2232952,100161,2021,PENNSYLVANIA
41,426769,392962,333758,19721,358629,32440,273146,4788,9289,62,33807,377212,782,376430,342681,44633,324746,13931,49557,58054,129,37960,19965,156511,466,133594,22451,212204,187,204876,7141,2021,RHODE ISLAND
42,1976447,1811506,1466212,72192,1685198,221992,1184282,18087,76764,405,164941,1648687,3593,1645094,1482752,238014,1328132,151829,327760,313578,614,189919,123045,897448,2143,732802,162503,765421,836,722373,42212,2021,SOUTH CAROLINA
43,345779,316345,267211,17612,285851,27866,210012,4030,7308,56,29434,295553,928,294625,253723,34548,246362,20969,50226,42930,232,26241,16457,156596,440,130136,26020,146253,256,138248,7749,2021,SOUTH DAKOTA
44,2664791,2421491,1953137,96071,2251354,297328,1600158,24389,78921,722,243300,2237708,4581,2233127,2009483,349942,1774508,176806,427083,414320,1014,251658,161648,1219884,2639,1002397,214848,1030587,928,979072,50587,2021,TENNESSEE
45,10239341,9617538,7897276,266198,9166621,1152141,6430302,58397,275614,2039,621803,8916940,14120,8902820,8189641,1387638,7042046,922551,1322401,1345101,2794,883063,459244,4252856,8015,3587036,657805,4641384,3311,4432721,205352,2021,TEXAS
46,1033651,999866,909640,26356,951083,52941,747052,5723,26528,180,33785,941272,2448,938824,861946,89108,796933,94711,92379,89138,711,63105,25322,398852,1271,350650,46931,545661,466,525069,20126,2021,UTAH
47,262514,242354,216309,18995,208324,12837,162408,3935,4432,28,20160,223716,1604,222112,175527,19322,190887,14887,38798,32851,347,20205,12299,109850,809,89569,19472,119813,448,112338,7027,2021,VERMONT
48,3248528,3032703,2637340,116465,2829255,243665,2135346,25387,91542,613,215825,2852851,6778,2846073,2607476,356521,2358656,195015,395677,349406,1023,222918,125465,1173116,3882,970851,198383,1726006,1873,1652304,71829,2021,VIRGINIA
49,2931841,2803456,2500224,109716,2619200,173286,1995438,19528,72749,757,128385,2683952,6565,2677387,2459270,262422,2309338,168738,247889,289862,1345,213309,75208,1050229,3563,923079,123587,1591750,1657,1540999,49094,2021,WASHINGTON
50,711352,622923,490022,41284,543797,76443,396700,13615,12540,210,88429,577074,2384,574690,474423,74398,467721,46359,134278,139171,481,86849,51841,337259,1320,268229,67710,234922,583,219612,14727,2021,WEST VIRGINIA
51,2401818,2208958,1892414,118858,2000640,180965,1485464,26336,51945,842,192860,2086167,10129,2076038,1859869,264134,1692999,167571,315651,274947,1552,178996,94399,1055786,6087,873499,176200,1071085,2490,1023543,45052,2021,WISCONSIN
52,230653,216592,185800,10530,198089,17749,145510,2412,4021,118,14061,201811,505,201306,169506,23834,157509,25236,28842,28752,97,19616,9039,96758,267,82165,14326,105143,141,99525,5477,2021,WYOMING
2,1888504,1659065,1301084,87133,1508608,232744,1042196,21915,40731,492,229439,1516816,7610,1509206,1342517,295520,1117136,157118,371688,365377,1220,208155,156002,876806,4391,696576,175839,646321,1999,604475,39847,2020,ALABAMA
3,255173,242325,206269,10184,225673,21902,165082,1778,13034,14,12848,223644,806,222838,199983,38375,174089,14354,31529,25301,197,15278,9826,97400,377,81630,15393,132472,232,125930,6310,2020,ALASKA
4,2643430,2467069,2131363,131671,2253759,209654,1660590,20665,76335,673,176361,2296123,7925,2288198,2008209,295301,1871647,226481,347307,362695,1928,239156,121611,1203056,4594,1020045,178417,1077679,1403,1028997,47279,2020,ARIZONA
5,1170544,1031971,792305,55962,941107,161979,627676,10739,20811,189,138573,904327,3476,900851,794813,193418,635030,102745,266217,220920,809,120723,99388,584441,2197,448035,134209,365183,470,332093,32620,2020,ARKANSAS
6,13103114,12360505,10847327,513326,11523470,910608,8653284,89681,445607,3215,742609,11677634,26795,11650839,10580449,1318794,9856173,1049297,1425480,1557667,5905,1053023,498739,4727396,13546,4044956,668894,6818051,7344,6552860,257847,2020,CALIFORNIA
7,2137402,2028365,1816231,100066,1866864,126395,1415262,14517,53739,541,109037,1922418,6310,1916108,1715494,191036,1629511,168550,214984,230300,1262,159409,69629,835091,3408,723609,108074,1072011,1640,1033090,37281,2020,COLORADO
8,1385437,1274056,1119595,76255,1146770,86407,882520,14643,33567,339,111381,1213487,4055,1209432,1048905,119130,1067492,49559,171950,160780,584,102040,58156,496536,2008,408448,86080,728121,1463,698944,27714,2020,CONNECTICUT
9,370953,345186,290118,18530,313010,29930,236120,3701,9202,100,25767,325137,943,324194,286901,35260,279698,15607,45816,43344,159,29772,13413,156496,518,131333,24645,171113,266,163089,7758,2020,DELAWARE
10,288307,268218,235228,8877,253498,21159,185109,1748,6812,51,20089,247123,276,246847,229260,23161,218564,9635,41184,43698,52,26277,17369,79998,149,63969,15880,164611,75,156601,7935,2020,WASHINGTON DC
11,7931313,7383447,6360853,395373,6726278,635209,4910692,70609,259513,2121,547866,6794361,18605,6775756,5965727,831109,5717530,472176,1136952,1179774,3804,768325,407645,3718775,11391,3135589,571795,3032764,3410,2871842,157512,2020,FLORIDA
12,3830264,3522345,2974651,156254,3262955,342914,2392648,32394,99291,624,307919,3240391,6994,3233397,2897909,432550,2655576,295041,589873,580921,1608,356370,222943,1681987,3652,1390534,287801,1567356,1734,1486493,79129,2020,GEORGIA
13,467932,433778,377616,21334,398115,30356,311260,4421,10757,98,34154,408711,1178,407533,366744,43742,354762,19735,59221,47008,200,29383,17425,164037,602,135972,27463,256887,376,242178,14333,2020,HAWAII
14,649299,605316,530384,38041,543797,43415,411699,5673,15813,162,43983,561316,3037,558279,492141,73684,433811,73563,87983,86609,415,55730,30464,320763,1878,272714,46171,241927,744,229835,11348,2020,IDAHO
15,4884061,4468588,3813988,232145,4086055,399477,3021469,44247,135667,1232,415473,4182672,13936,4168736,3716059,547351,3434646,337366,701389,667398,2850,411129,253419,1966430,7796,1614410,344224,2250233,3290,2143197,103746,2020,ILLINOIS
16,2602770,2350951,1944930,140521,2117044,244034,1531246,27477,54034,488,251819,2173566,9331,2164235,1902364,326847,1705266,198896,429204,380235,1909,233261,145065,1237088,5412,1001406,230270,985447,2010,929568,53869,2020,INDIANA
17,1273941,1151928,974392,76494,1024225,105504,757370,14644,23602,293,122013,1064955,6715,1058240,930275,157508,833631,102337,208986,170170,1150,99418,69602,584852,4088,471391,109373,518919,1477,487431,30011,2020,IOWA
18,1141985,1047658,887293,63661,945307,97269,690918,10588,25475,310,94327,968227,3355,964872,854045,128967,781878,81180,173758,155019,710,95055,59254,528195,2014,434956,91225,458771,631,434861,23279,2020,KANSAS
19,1748053,1547842,1246076,89160,1387933,178413,1014864,23985,46987,438,200211,1432259,5195,1427064,1246489,223270,1126863,121895,315794,328948,1170,192206,135572,822852,3168,670960,148724,596253,857,563898,31498,2020,KENTUCKY
20,1751956,1543376,1199000,69912,1425367,231353,945223,17893,41863,832,208580,1388788,3694,1385094,1227723,241783,1058500,149417,363168,351351,688,196382,154281,796609,2133,625534,168942,603996,873,563178,39945,2020,LOUISIANA
21,569551,518583,453634,46703,438029,31150,347482,8203,11007,147,50968,484064,3721,480343,397345,46395,413359,26778,85487,85269,651,50533,34085,260591,2460,216846,41285,223691,610,212964,10117,2020,MAINE
22,2230527,2088686,1858039,104058,1912603,133464,1504255,18034,71478,506,141841,1979676,4980,1974696,1783126,215860,1706868,103605,250851,223544,598,145105,77841,744229,2747,618960,122522,1262754,1635,1210631,50488,2020,MARYLAND
23,2646980,2450583,2175014,146289,2204576,148596,1716264,30017,59311,822,196397,2341159,5519,2335640,2070177,215158,2082482,73803,305821,331888,1061,213085,117742,864799,3113,724554,137132,1450293,1345,1398001,50947,2020,MASSACHUSETTS
24,3980408,3625797,3033748,219507,3244778,352554,2390413,48086,83634,1081,354611,3371760,12764,3358996,2927692,488132,2685568,266514,608648,593233,2265,373418,217550,1825589,8055,1497835,319699,1561586,2444,1487743,71399,2020,MICHIGAN
25,2207988,2046817,1802222,122541,1842325,133321,1420354,22757,50595,527,161171,1931066,9542,1921524,1709678,228125,1597541,150038,276922,240789,1526,150130,89133,885150,5714,736165,143271,1082049,2302,1035229,44518,2020,MINNESOTA
26,1116649,965947,717009,44634,890466,171363,570822,11070,25301,223,150702,849925,3124,846801,758328,212536,559158,116468,266724,251951,620,133940,117391,528643,1675,405459,121509,336055,829,307402,27824,2020,MISSISSIPPI
27,2440212,2213727,1833201,135264,1994552,235186,1432489,24641,51994,464,226485,2037219,7951,2029268,1811328,320113,1566971,211642,402993,370050,1713,223695,144642,1150779,4779,938119,207881,919383,1459,867454,50470,2020,MISSOURI
28,436048,394771,344357,31353,342516,27350,258200,5662,8591,45,41277,366314,3135,363179,307296,47197,285603,39214,69734,65646,633,40419,24594,210694,1823,172789,36082,159708,679,149971,9058,2020,MONTANA
29,766663,701638,600248,43550,627670,55948,481690,8979,17970,186,65025,659433,3427,656006,578991,82222,537154,53545,107230,97473,599,61035,35839,352633,1984,293948,56701,316557,844,301023,14690,2020,NEBRASKA
30,1130011,1058007,902399,52554,973537,97187,698813,7751,41460,259,72004,968942,2554,966388,861041,119200,811265,85116,161069,150862,460,99540,50862,513232,1605,428530,83097,465917,489,438318,27110,2020,NEVADA
31,539116,505000,455646,36597,442711,24869,355487,5722,14489,151,34116,480851,2022,478829,407763,36717,430625,17911,58265,53636,274,33943,19419,205598,1236,175045,29317,279882,512,269841,9529,2020,NEW HAMPSHIRE
32,3272054,3040126,2686127,159735,2778270,202829,2139970,30704,79063,420,231928,2884202,7612,2876590,2599581,286562,2538875,127296,387852,360314,1155,223974,135185,1099654,3901,912288,183465,1812086,2556,1740328,69202,2020,NEW JERSEY
33,792755,698146,569067,42996,626917,85768,436041,7335,27480,207,94609,620675,3427,617248,525380,96938,475555,70464,172080,155538,513,86688,68337,372573,1883,287603,83087,264644,1031,242957,20656,2020,NEW MEXICO
34,7417224,6754292,5830660,399591,6083146,525215,4578488,82008,220292,2530,662932,6340640,19665,6320975,5489525,730009,5442724,292583,1076584,1116195,3635,699169,413391,2747089,10867,2247280,488942,3553940,5163,3374526,174251,2020,NEW YORK
35,4031592,3657447,3082094,198753,3324781,363069,2409499,38995,96865,907,374145,3374563,10300,3364263,2928423,416094,2808735,252423,657029,638203,1776,379733,256694,1876734,6578,1543845,326311,1516655,1946,1440685,74024,2020,NORTH CAROLINA
36,320873,292964,251645,17452,263794,23132,198552,3433,6642,58,27909,267270,772,266498,234221,29083,229233,17082,53603,43395,74,24885,18436,138061,455,112287,25319,139417,243,129326,9848,2020,NORTH DAKOTA
37,4717226,4276409,3572503,272830,3809561,408636,2852388,56523,103381,1311,440817,4003564,15151,3988413,3472085,492944,3321098,288305,713662,735062,2663,463634,268765,2176571,9383,1801865,365323,1805593,3105,1722914,79574,2020,OHIO
38,1493569,1352894,1064801,66834,1246160,193475,836964,12678,39898,261,140675,1223957,3794,1220163,1087195,243304,878462,136769,269612,241823,746,146024,95053,729016,2255,585663,141098,522730,793,488476,33461,2020,OKLAHOMA
39,1642579,1545561,1366123,93083,1395658,102593,1048239,13116,38253,454,97018,1452727,6377,1446350,1290106,164690,1202538,110397,189852,214795,1213,148201,65381,709515,3785,609674,96056,718269,1379,688475,28415,2020,OREGON
40,5106601,4573026,3916591,324105,4022251,370650,3072187,63934,114809,1235,533575,4313011,21968,4291043,3736917,495743,3670382,216703,793590,726329,3965,438905,283459,2199806,13266,1774010,412530,2180466,4737,2078128,97601,2020,PENNSYLVANIA
41,414730,375980,323796,23794,335060,27228,260463,5186,9321,93,38750,359855,863,358992,319832,41449,311010,12743,54875,60621,133,37547,22941,158674,501,133496,24677,195435,229,187949,7257,2020,RHODE ISLAND
42,1961481,1769828,1442444,91822,1612657,206924,1153451,19794,75686,441,191653,1597757,4449,1593308,1409669,240037,1276399,146837,363724,332667,844,189164,142659,921876,2870,740014,178992,706938,735,664130,42073,2020,SOUTH CAROLINA
43,347878,313834,267539,22379,276151,25788,206564,4118,7740,73,34044,290845,1254,289591,242490,34037,241596,20775,57033,47046,303,27337,19406,164502,646,134409,29447,136330,305,127845,8180,2020,SOUTH DAKOTA
44,2639455,2352354,1912380,124176,2142263,277404,1542439,25890,78725,975,287101,2157504,5768,2151736,1894687,346059,1695507,180203,481951,439361,1116,250132,188113,1253990,3582,1008699,241709,946104,1070,892905,52129,2020,TENNESSEE
45,9906070,9187393,7559242,337409,8637101,1084179,6092114,62881,286765,1837,718677,8446082,17450,8428632,7630828,1353312,6620962,880002,1459988,1377522,3335,850551,523636,4272683,10028,3532503,730152,4255865,4087,4045578,206200,2020,TEXAS
46,1003345,964342,878242,36140,901830,49408,717240,5597,26888,187,39003,898996,2821,896175,807545,88068,754886,95718,104349,92066,550,62232,29284,415402,1704,359338,54360,495877,567,474605,20705,2020,UTAH
47,262852,239892,214449,24052,199062,12577,157532,4007,4613,22,22960,220021,1950,218071,166836,19161,187147,14718,42831,35943,543,21039,14361,115433,993,92945,21495,111476,414,104087,6975,2020,VERMONT
48,3184121,2939714,2567878,150036,2686158,226313,2059647,27200,95194,547,244407,2749042,9022,2740020,2465746,346202,2261509,194335,435079,360701,1313,217021,142367,1204720,5037,979316,220367,1618700,2672,1543683,72345,2020,VIRGINIA
49,2905822,2755772,2466718,143443,2522608,162899,1946166,20881,75492,681,150050,2626064,8175,2617889,2365339,256881,2257415,167090,279758,307371,1770,216807,88794,1109162,4364,962865,141933,1489289,2041,1438217,49031,2020,WASHINGTON
50,734235,632566,503546,52901,536203,71526,400508,14592,12975,252,101669,581748,2608,579140,461933,73959,471765,47842,152487,150957,540,88726,61691,359256,1502,281963,75791,224022,566,208451,15005,2020,WEST VIRGINIA
51,2377935,2157295,1855093,149037,1902247,170959,1440621,27730,55348,894,220640,2025923,12012,2013911,1766213,262805,1634612,165075,352012,307899,1907,187739,118253,1077647,7517,881592,188538,992389,2588,944580,45221,2020,WISCONSIN
52,233231,217146,187778,14066,193692,16873,144370,2423,4482,100,16085,201133,771,200362,162725,24731,156867,24698,32098,30408,142,19426,10840,101012,387,85296,15329,101811,242,95640,5929,2020,WYOMING
2,1867893,1597441,1273184,119052,1409323,193867,989023,20241,53030,1388,270452,1435126,8072,1427054,1157122,265578,1068389,142134,432767,379632,1617,196830,181185,872051,4468,660901,206682,616210,1987,569323,44900,2019,ALABAMA
3,253346,238412,205730,13937,216076,17965,160713,1672,17732,109,14934,217721,1012,216709,180828,33916,172892,13454,35625,25917,186,14977,10754,96555,474,78475,17606,130874,352,123257,7265,2019,ALASKA
4,2571268,2357063,2051939,172876,2092286,176145,1548327,18674,87717,1115,214205,2170445,8771,2161674,1718102,270084,1772715,211799,400823,380244,1808,233142,145294,1191486,5278,981314,204894,999538,1685,947218,50635,2019,ARIZONA
5,1158071,998207,781724,76385,881907,133739,601849,10289,30415,686,159864,851047,5081,845966,673681,176760,597204,97674,307024,230688,1177,114742,114769,582877,2885,424800,155192,344506,1019,306424,37063,2019,ARKANSAS
6,13044266,12131484,10714889,692431,11032043,782369,8305895,82284,609554,7932,912782,11341025,37461,11303564,9330500,1187243,9645405,952668,1703241,1634851,7804,1032813,594234,4869050,18184,4029676,821190,6540365,11473,6241075,287817,2019,CALIFORNIA
7,2148994,2017102,1816117,131916,1812805,111153,1368597,13117,68084,1050,131892,1891255,8135,1883120,1535528,180294,1605990,160732,257739,242899,1446,158572,82881,865820,4548,728209,133063,1040275,2141,996339,41795,2019,COLORADO
8,1370746,1244770,1105785,99529,1088196,70478,839157,13129,49626,897,125976,1177430,5086,1172344,913461,98926,1049341,47287,193316,162997,768,96781,65448,495947,2550,396965,96432,711802,1768,678598,31436,2019,CONNECTICUT
9,363322,332764,280752,24932,293006,26380,218907,3284,11751,390,30558,309672,1020,308652,247342,29578,270419,13972,53650,44392,204,28149,16039,153616,584,124098,28934,165314,232,156405,8677,2019,DELAWARE
10,284386,260932,228865,12573,240480,19078,176797,1745,8501,117,23454,235534,564,234970,199039,21161,208755,9452,48852,46230,62,25348,20820,81136,332,61683,19121,157020,170,147939,8911,2019,WASHINGTON DC
11,7736311,7080989,6168121,538444,6246701,521923,4609315,63636,315235,5394,655322,6444568,24324,6420244,5053599,709367,5502890,418103,1291743,1211785,4977,740983,465825,3684560,14675,3015349,654536,2839966,4672,2663912,171382,2019,FLORIDA
12,3758798,3391152,2887904,208325,3059741,288233,2258579,29553,132901,1799,367646,3066661,9442,3057219,2478182,390527,2531409,262972,692137,598380,1931,334439,262010,1690660,5105,1341982,343573,1469758,2406,1380798,86554,2019,GEORGIA
13,459424,419052,369591,28658,373966,25431,290761,4018,13325,212,40372,390983,1423,389560,321628,37685,343423,16363,68441,50029,187,29431,20411,162002,742,128856,32404,247393,494,231273,15626,2019,HAWAII
14,630008,578230,510538,51146,500459,35857,384230,5145,17554,294,51778,524892,3855,521037,416839,66717,402681,71024,105116,93621,465,56462,36694,313737,2449,255512,55776,222650,941,209063,12646,2019,IDAHO
15,4846134,4354417,3761192,308448,3872493,331974,2883555,38914,178926,3330,491717,4025820,17626,4008194,3263997,495036,3328261,309256,820314,690284,2975,393092,294217,1993464,9719,1575074,408671,2162386,4932,2040028,117426,2019,ILLINOIS
16,2570419,2279081,1917214,190055,1984029,200164,1460708,25314,70353,1736,291338,2071909,12358,2059551,1626828,290965,1639278,186375,498510,391220,2067,220570,168583,1240240,7366,963878,268996,938959,2925,875103,60931,2019,INDIANA
17,1265473,1126634,967859,99886,970981,86346,728685,13155,30616,1081,138839,1030620,8132,1022488,811700,140285,812697,98428,234853,176539,1309,97720,77510,588810,4960,459547,124303,500124,1863,465221,33040,2019,IOWA
18,1129227,1016265,871808,84162,888888,80484,657933,9790,29629,584,112962,928405,4381,924024,744471,117469,752313,75481,200822,160041,796,91355,67890,528080,2661,418261,107158,441106,924,414408,25774,2019,KANSAS
19,1734618,1499091,1228994,121304,1301944,146023,966185,21954,53243,1068,235527,1367437,7033,1360404,1083273,196712,1089320,114816,367181,342025,1327,184081,156617,823959,4344,645173,174442,568634,1362,531150,36122,2019,KENTUCKY
20,1739497,1488736,1177660,95632,1337184,190312,906603,15359,53530,929,250761,1317971,5049,1312922,1035499,208324,1023177,135836,421526,376046,1059,188413,186574,781054,2570,588221,190263,582397,1420,536288,44689,2019,LOUISIANA
21,559921,502355,446082,60829,407194,24901,325069,7171,15235,414,57566,464008,4437,459571,336503,40407,400151,24074,95913,88893,789,49738,38366,258810,2865,208770,47175,212218,783,201063,10372,2019,MAINE
22,2205204,2036838,1825376,136581,1817221,112414,1422067,16734,97136,1107,168366,1911957,6364,1905593,1557954,188020,1665962,94594,293247,226798,846,136047,89905,755370,3501,605092,146777,1223036,2017,1164454,56565,2019,MARYLAND
23,2617497,2391993,2145606,188809,2093721,122400,1627277,25949,84202,1768,225504,2268472,7215,2261257,1808960,181187,2042062,67805,349025,343438,1391,208923,133124,880135,3900,714785,161450,1393924,1924,1337549,54451,2019,MASSACHUSETTS
24,3935041,3525247,2997119,290296,3062206,291011,2284785,42151,105912,2887,409794,3224655,15818,3208837,2527194,429751,2599404,249111,710386,617926,2822,356937,258167,1831508,10098,1451402,370008,1485607,2898,1400498,82211,2019,MICHIGAN
25,2185603,2001473,1781344,157843,1753520,112234,1350676,19991,63682,1439,184130,1865675,12296,1853379,1498487,211046,1546336,142233,319928,249437,1908,145887,101642,895197,7265,719604,168328,1040969,3123,987888,49958,2019,MINNESOTA
26,1104394,925656,697609,59959,832904,142935,547955,10251,30380,539,178738,793784,3747,790037,642703,190792,525502,105614,310610,255909,827,120824,134258,528971,1972,381384,145615,319514,948,287829,30737,2019,MISSISSIPPI
27,2414521,2150008,1808532,176685,1880310,192644,1370926,22380,69651,1488,264513,1947235,10447,1936788,1566198,290078,1510899,190947,467286,382810,2148,212097,168565,1156157,6123,907788,242246,875554,2176,816903,56475,2019,MISSOURI
28,427871,380587,335060,41326,317957,22294,242879,4947,9739,247,47284,348515,3353,345162,260132,40522,275252,36480,79356,67837,650,38730,28457,208953,1909,165919,41125,151081,794,140513,9774,2019,MONTANA
29,759176,683587,593159,57745,594141,46747,454069,7366,22057,435,75589,636709,3847,632862,504529,76589,520670,49354,122467,101411,682,59231,41498,352045,2174,284789,65082,305720,991,288842,15887,2019,NEBRASKA
30,1098602,1015842,872984,67420,909817,81877,659012,7455,51348,637,82760,917041,3258,913783,730461,106472,772097,76601,181561,152272,546,93437,58289,510646,2055,414019,94572,435684,657,406327,28700,2019,NEVADA
31,532037,494980,451375,51226,417747,20275,333653,4785,19571,351,37057,468993,2196,466797,355854,33344,421834,18145,63044,54117,284,33288,20545,206041,1360,172307,32374,271879,552,261202,10125,2019,NEW HAMPSHIRE
32,3231874,2955487,2638081,208417,2627392,165855,2022603,26757,108767,2674,276387,2783089,9280,2773809,2221633,235709,2488271,110771,448785,374285,1519,217855,154911,1113242,4798,891135,217309,1744347,2963,1664819,76565,2019,NEW JERSEY
33,780249,669996,554690,55240,584263,70841,412228,6871,29214,510,110253,586734,4660,582074,451833,89322,451423,60941,193515,157013,848,79808,76357,370770,2304,274435,94031,252466,1508,227831,23127,2019,NEW MEXICO
34,7343234,6581493,5762582,525649,5755220,430965,4346531,71277,313675,5981,761741,6106323,23040,6083283,4664412,609586,5327820,263758,1236911,1152766,4196,670919,477651,2776645,12418,2199397,564830,3413823,6426,3212967,194430,2019,NEW YORK
35,3965482,3535121,3008798,260047,3122647,302637,2295291,36342,129997,2222,430361,3215635,13520,3202115,2530530,378400,2690002,231403,749847,656388,2407,360026,293955,1877763,8169,1491493,378101,1431331,2944,1350596,77791,2019,NORTH CAROLINA
36,318322,285796,248563,23000,249722,19696,190020,3150,8429,171,32526,257877,1063,256814,205992,26364,221145,16849,60445,43855,113,23443,20299,135748,642,106057,29049,138719,308,127314,11097,2019,NORTH DAKOTA
37,4676358,4165608,3529984,353985,3604668,339443,2723922,50695,131597,3348,510750,3853613,18753,3834860,3018360,452108,3212944,265418,822745,758403,3536,442337,312530,2175704,11552,1743086,421066,1742251,3665,1649437,89149,2019,OHIO
38,1480061,1311303,1048401,88778,1175779,159577,811400,12086,56956,799,168758,1168521,4468,1164053,957138,224646,842844,126983,311540,256144,943,141530,113671,720009,2593,559020,158396,503908,932,463503,39473,2019,OKLAHOMA
39,1611982,1499082,1337457,123515,1312255,84365,990264,11955,46379,1062,112900,1392333,7247,1385086,1132745,150111,1154950,107356,219649,224784,1403,146107,77274,714585,4211,598522,111852,672613,1633,640457,30523,2019,OREGON
40,5053106,4445625,3860351,423128,3787391,306773,2900091,55937,146814,2735,607481,4146164,27458,4118706,3222068,425625,3572229,197314,906942,756251,4993,425849,325409,2209157,16047,1720447,472663,2087698,6418,1972410,108870,2019,PENNSYLVANIA
41,410489,365930,319069,30740,317206,22951,247379,4603,12409,220,44559,345829,1163,344666,275295,35241,303295,11673,64660,64341,306,36930,27105,160983,667,130541,29775,185165,190,177195,7780,2019,RHODE ISLAND
42,1921862,1697422,1401312,117986,1506606,172822,1085039,18404,93800,1206,224440,1508818,5887,1502931,1206972,211840,1217284,128714,413044,338691,1166,175529,161996,917887,3513,709395,204979,665284,1208,618007,46069,2019,SOUTH CAROLINA
43,344397,304828,264356,29966,258197,20216,196448,3528,9676,330,39569,279329,1551,277778,210013,31619,231947,19679,65068,48762,322,25882,22558,165010,846,130350,33814,130625,383,121546,8696,2019,SOUTH DAKOTA
44,2597292,2261717,1865854,165161,2002056,229656,1457201,23566,97936,1391,335575,2043089,7760,2035329,1637289,310231,1616499,168194,554203,451396,1456,234565,215375,1247629,4912,963630,279087,898267,1392,837134,59741,2019,TENNESSEE
45,9691647,8817279,7307635,462148,8079130,919641,5752580,62516,377324,4445,874368,7961166,24013,7937153,6559192,1247250,6238848,790182,1730481,1398693,4378,790477,603838,4261558,13299,3360497,887762,4031396,6336,3786179,238881,2019,TEXAS
46,977313,931382,849665,47977,851403,43125,673735,5190,29962,295,45931,858876,3695,855181,702868,84824,714642,92142,118437,95848,676,61585,33587,416330,2142,351877,62311,465135,877,441719,22539,2019,UTAH
47,260029,233725,211092,30074,187024,10262,148556,3556,7328,186,26304,213861,1893,211968,141987,16756,184458,13522,46168,37101,328,21294,15479,116162,1101,91255,23806,106766,464,99419,6883,2019,VERMONT
48,3151045,2871743,2535580,195500,2561076,190276,1962519,22449,117706,1520,279302,2656131,11554,2644577,2178746,308313,2204910,183953,494914,377509,1629,211007,164873,1211951,6675,953801,251475,1561585,3250,1479769,78566,2019,VIRGINIA
49,2848396,2671876,2412744,189186,2377911,135183,1835542,19181,99676,1473,176520,2525901,9716,2516185,2094906,235439,2177647,156132,322495,321410,1930,213392,106088,1123637,5304,953690,164643,1403349,2482,1349103,51764,2019,WASHINGTON
50,732585,616666,502924,68617,504393,58517,380829,12511,20263,519,115919,559747,3058,556689,396246,65052,459332,45678,172838,155728,625,84675,70428,361889,1666,274063,86160,214968,767,197951,16250,2019,WEST VIRGINIA
51,2358156,2107224,1836583,196955,1799391,142897,1374232,23988,63326,1734,250932,1960079,14315,1945764,1543608,238926,1594001,156423,398077,314992,2106,181943,130943,1086452,8920,861049,216483,956712,3289,902772,50651,2019,WISCONSIN
52,230101,211299,184849,18128,183213,13813,137965,2135,6119,134,18802,193139,1133,192006,139121,22803,150256,23167,36962,30050,124,18106,11820,101541,580,82398,18563,98510,429,91502,6579,2019,WYOMING
2,1860269,1551296,1271176,159860,1318440,150961,950671,17875,62584,1691,308973,1373714,9396,1364318,992262,227399,1049454,127721,486555,395029,1980,189002,204047,881918,5219,641726,234973,583322,2197,533590,47535,2018,ALABAMA
3,253462,236598,208835,18488,207707,13623,156966,1466,19996,177,16864,214890,1188,213702,164399,29838,173443,13041,38572,25801,197,14224,11380,98166,524,78294,19348,129495,467,121184,7844,2018,ALASKA
4,2524300,2269063,2010742,228761,1941435,135117,1451254,15978,97767,1559,255237,2074996,10605,2064391,1470503,236143,1713499,196515,449304,399535,2122,231353,166060,1199494,6473,963165,229856,925271,2010,869873,53388,2018,ARIZONA
5,1152175,969432,783681,100216,826997,102143,581266,8989,36089,989,182743,811029,6394,804635,574254,156185,579440,89939,341146,238574,1347,108431,128796,588575,3810,411594,173171,325026,1237,284610,39179,2018,ARKANSAS
6,12965435,11886064,10643437,930415,10469892,605877,7954613,74656,744795,12726,1079371,11032304,50736,10981568,8186285,1054391,9464180,872783,1933131,1729940,10730,1039745,679465,5040245,25599,4065750,948896,6195250,14407,5876073,304770,2018,CALIFORNIA
7,2113387,1962259,1784750,171728,1709320,87798,1297222,11818,83742,1493,151128,1822635,11477,1811158,1338181,162887,1548988,154490,290752,254215,1888,158070,94257,886460,6360,728326,151774,972712,3229,924762,44721,2018,COLORADO
8,1367374,1224654,1106700,126812,1034467,53575,803123,11559,65363,1356,142720,1151633,5729,1145904,790598,80064,1042171,45217,215741,167991,1041,92959,73991,507516,2762,396283,108471,691867,1926,656662,33279,2018,CONNECTICUT
9,357765,321643,276835,33208,272535,20541,207202,2907,13742,579,36122,296341,1414,294927,207604,24122,262712,12953,61424,45160,242,26653,18265,156250,780,121862,33608,156355,392,146412,9551,2018,DELAWARE
10,281322,252564,224575,15468,227696,15423,168596,1597,10462,183,28758,225785,703,225082,173470,18146,201713,9135,55537,48000,78,23578,24344,83165,396,61051,21718,150157,229,140453,9475,2018,WASHINGTON DC
11,7621760,6844107,6074481,719259,5803630,396202,4339197,55747,357137,7446,777653,6188044,32015,6156029,4276175,593733,5367439,375168,1433716,1270376,6228,738719,525429,3717863,19609,2965190,733064,2633521,6178,2452120,175223,2018,FLORIDA
12,3709488,3287853,2849294,275472,2874534,223180,2145312,25901,160604,3042,421635,2944379,12358,2932021,2133801,340531,2462137,239365,765109,629333,2581,331622,295130,1708307,6927,1319364,382016,1371848,2850,1281035,87963,2018,GEORGIA
13,456782,411022,370121,36902,355441,19201,276392,3589,17113,365,45760,382400,1856,380544,286285,32565,339602,15365,74382,52008,324,28866,22818,167178,898,130451,35829,237596,634,221227,15735,2018,HAWAII
14,618331,557848,501300,68200,461649,26548,356763,4431,20116,368,60483,497629,4674,492955,352921,58756,381628,67478,120702,97925,649,55165,42111,316821,3013,248759,65049,203585,1012,189031,13542,2018,IDAHO
15,4830038,4264785,3757925,404624,3666958,255313,2761257,34382,215456,4856,565253,3913465,22253,3891212,2877525,434652,3274374,290748,916573,719626,3498,385493,330635,2042635,12547,1569822,460266,2067777,6208,1935897,125672,2018,ILLINOIS
16,2553818,2226068,1915891,248751,1864900,154014,1396278,22227,87657,2327,327750,1996388,15678,1980710,1389881,251246,1602226,174962,557430,409304,2678,214329,192297,1259390,9511,947829,302050,885124,3489,818552,63083,2018,INDIANA
17,1256855,1101435,969050,131610,912757,65193,694465,10715,37952,1441,155420,1000292,9856,990436,703700,122884,797209,95176,256563,183184,1460,96610,85114,596511,6099,452781,137631,477160,2297,441045,33818,2018,IOWA
18,1124549,994601,870880,109167,839629,61433,630472,8652,36022,873,129948,900884,5297,895587,647714,103777,738939,70151,223665,166512,940,90422,75150,538264,3111,413854,121299,419773,1246,391311,27216,2018,KANSAS
19,1728681,1458107,1226898,157172,1223092,112569,920717,18263,63525,1629,270574,1314687,9056,1305631,940098,168631,1063748,108975,413994,358502,1716,178879,177907,835913,5564,632007,198342,534266,1776,494745,37745,2018,KENTUCKY
20,1736021,1449635,1183086,126885,1259374,144656,883343,13568,68548,1174,286386,1270391,7137,1263254,890390,180171,1006034,119899,465630,382988,1447,177008,204533,794783,3897,577996,212890,558250,1793,508250,48207,2018,LOUISIANA
21,556955,492145,446310,79180,379742,18885,303295,5552,18947,733,64810,450622,5220,445402,286187,34089,393287,22930,106333,94491,1065,50195,43231,262962,3316,207375,52271,199502,839,187832,10831,2018,MAINE
22,2192518,2001671,1817401,173632,1736801,87532,1352468,14097,120139,1622,190847,1864111,8461,1855650,1356539,160228,1642142,89674,328407,232484,1176,131547,99761,781096,4591,607928,168577,1178938,2694,1116175,60069,2018,MARYLAND
23,2601914,2345531,2138862,240349,1988777,92609,1549500,21507,106266,2447,256383,2212749,9230,2203519,1571826,148941,2015702,66946,389165,358727,1783,206823,150121,910822,4999,724535,181288,1332365,2448,1272161,57756,2018,MASSACHUSETTS
24,3909509,3442305,2993928,379837,2884298,223744,2180610,35683,124446,4096,467204,3106914,20335,3086579,2177437,367920,2542692,234393,802595,646984,3347,347222,296415,1856842,12953,1425439,418450,1405683,4035,1313918,87730,2018,MICHIGAN
25,2167801,1958599,1773623,204715,1658149,84083,1284907,16887,76653,1986,209202,1811732,15028,1796704,1310868,185768,1513497,137420,356069,260756,2347,143574,114835,918775,8931,721808,188036,988270,3750,931322,53198,2018,MINNESOTA
26,1105576,901172,702774,80947,783209,110706,536769,9624,37849,730,204404,756863,5211,751652,546985,163567,517554,97350,348713,263821,1039,113837,148945,536661,2811,368138,165712,305094,1361,269677,34056,2018,MISSISSIPPI
27,2396271,2091864,1800534,232777,1760343,147141,1306965,19899,79366,2474,304407,1872545,13456,1859089,1352386,252585,1473093,178869,523726,399573,2508,207017,190048,1169451,8097,887657,273697,827247,2851,764415,59981,2018,MISSOURI
28,423240,369326,331972,55280,293277,16834,226113,3941,10824,337,53914,334450,3734,330716,216518,34600,267379,34731,88790,70918,668,38196,32054,212080,2178,163895,46007,140242,888,128625,10729,2018,MONTANA
29,754063,667596,590756,75685,558866,36762,427921,6003,26915,660,86467,615347,4601,610746,435256,67759,507900,46704,138716,105010,807,57627,46576,359743,2632,281916,75195,289310,1162,271203,16945,2018,NEBRASKA
30,1075930,980878,856822,88778,848432,62434,626460,6632,57050,940,95052,879563,4568,874995,627159,95269,742811,72088,196367,155144,632,90414,64098,518600,2956,411252,104392,402186,980,373329,27877,2018,NEVADA
31,528078,486930,451013,68249,391179,14961,313189,3943,23727,531,41148,457944,2501,455443,305039,27668,415923,18311,70134,56157,332,33126,22699,211068,1577,172905,36586,260853,592,249412,10849,2018,NEW HAMPSHIRE
32,3213362,2896471,2624125,266324,2498266,126824,1933834,22580,139209,3923,316891,2713558,11550,2702008,1896098,188554,2463273,101444,499804,390310,1619,215425,173266,1143053,6070,891839,245144,1679999,3861,1594744,81394,2018,NEW JERSEY
33,775651,649937,551675,74871,542865,53972,391848,6033,30802,843,125714,566165,5085,561080,391682,80983,439402,56829,209486,164003,939,78432,84632,371068,2553,266727,101788,240580,1593,215921,23066,2018,NEW MEXICO
34,7316537,6456229,5762918,687662,5448924,331811,4137617,59671,386747,8712,860308,5944262,27920,5916342,3976245,490278,5282397,247734,1372275,1196574,5280,661265,530029,2859582,15146,2209300,635136,3260381,7494,3045777,207110,2018,NEW YORK
35,3918597,3424443,2974311,340826,2921871,231968,2180577,31907,157465,3015,494154,3083649,17214,3066435,2182455,335926,2602290,214559,834948,686212,2973,351467,331772,1896231,10336,1462118,423777,1336154,3905,1252850,79399,2018,NORTH CAROLINA
36,314903,278839,248300,30416,234906,14740,179868,2593,9757,233,36064,249972,1274,248698,179389,22963,216342,16210,64931,44449,202,22816,21431,137519,694,105348,31477,132935,378,120534,12023,2018,NORTH DAKOTA
37,4654075,4068830,3523158,459817,3396596,262698,2592820,43304,155504,4483,585245,3734608,24356,3710252,2620072,403485,3140334,245483,919467,794331,4741,433392,356198,2204674,14721,1719289,470664,1655070,4894,1557571,92605,2018,OHIO
38,1474620,1278772,1050681,117697,1107308,120970,791309,11151,71247,1396,195848,1123229,6022,1117207,836370,198142,824060,118997,351391,264865,1103,135656,128106,729163,3560,545605,179998,480592,1359,435946,43287,2018,OKLAHOMA
39,1591835,1461755,1321567,162082,1231782,66281,937382,10534,51191,1363,130080,1344359,8667,1335692,994296,136488,1119336,103077,247476,239664,1782,148321,89561,729100,5068,597263,126769,623071,1817,590108,31146,2018,OREGON
40,5025132,4344824,3848191,546701,3560337,235564,2741108,46475,173111,4381,680308,4014061,33042,3981019,2759928,353303,3509566,182428,1011071,786508,5905,413597,367006,2253409,19609,1705555,528245,1985215,7528,1861867,115820,2018,PENNSYLVANIA
41,410885,360113,319959,39527,302061,17359,236514,3777,14661,411,50772,337669,1569,336100,236673,29030,301333,10640,73216,68359,407,37154,30798,167073,878,132455,33740,175453,284,166491,8678,2018,RHODE ISLAND
42,1894711,1633709,1380649,156005,1400019,133309,1025423,15997,106632,1971,261002,1435645,8018,1427627,1026209,179147,1176644,116475,459066,350526,1447,166883,182196,928232,4848,693124,230260,615953,1723,567620,46610,2018,SOUTH CAROLINA
43,341565,296335,262954,39457,239810,15296,183449,2916,12227,441,45230,268325,1888,266437,180738,27342,224701,18905,73240,51299,335,25582,25382,166788,1031,127033,38724,123478,522,113822,9134,2018,SOUTH DAKOTA
44,2567061,2185963,1845754,217689,1866243,175654,1383226,20909,111171,1908,381098,1946113,11214,1934899,1406307,273457,1556576,156012,620948,474884,2164,228232,244488,1259201,7139,937354,314708,832976,1911,769313,61752,2018,TENNESSEE
45,9553046,8525218,7208368,615002,7580422,718165,5501551,59372,448833,7350,1027828,7606748,32581,7574167,5666347,1117690,6002201,735784,1946298,1455889,6296,761979,687614,4291051,17728,3264959,1008364,3806106,8557,3547229,250320,2018,TEXAS
46,957619,903951,832235,64774,801802,34212,633637,4517,33788,505,53668,824895,4531,820364,604741,76356,686848,88024,132724,100117,961,61241,37915,427296,2458,353507,71331,430206,1112,405616,23478,2018,UTAH
47,259589,230736,211971,38158,176527,7670,140717,2632,9821,286,28853,210074,1992,208082,121676,13872,184089,12775,49515,38386,405,20933,17048,118827,1161,92195,25471,102376,426,94954,6996,2018,VERMONT
48,3128415,2811441,2524905,256763,2427717,145922,1867871,19405,138316,2623,316974,2580111,14950,2565161,1912841,270528,2164027,172826,548304,393096,2099,206583,184414,1236015,8675,947237,280103,1499304,4176,1411341,83787,2018,VIRGINIA
49,2800423,2595537,2375587,247214,2232145,103686,1727870,16737,122256,2326,204886,2434213,12638,2421575,1840576,209140,2108006,148746,366210,339613,2309,215059,122245,1150587,7170,954452,188965,1310223,3159,1252064,55000,2018,WASHINGTON
50,734676,601224,507602,88047,471953,43521,361430,9566,25574,849,133452,539497,3698,535799,337453,54525,450143,43917,195179,160651,750,80314,79587,371207,2076,270977,98154,202818,872,184508,17438,2018,WEST VIRGINIA
51,2343129,2061845,1834832,258355,1691181,110047,1302737,19517,70095,2511,281284,1900137,17112,1883025,1333735,212714,1561965,145742,442992,330619,2688,180295,147636,1108920,10486,856287,242147,903590,3938,846443,53209,2018,WISCONSIN
52,230630,209397,186229,24523,173875,10649,132663,1970,7183,191,21233,188389,1386,187003,118161,20013,147991,21988,42241,31222,130,18287,12805,104599,779,81593,22227,94809,477,87123,7209,2018,WYOMING
2,1856695,1511468,1276283,214778,1224108,111190,895396,15217,68078,1957,345227,1315494,12516,1302978,833798,190012,1032992,110979,541201,408611,2269,181083,225259,898496,7550,625894,265052,549588,2697,496001,50890,2017,ALABAMA
3,252536,233425,211097,24546,197611,9399,150638,1180,22480,273,19111,210684,1448,209236,146086,24732,173924,12679,41852,25501,184,13127,12190,98882,654,77317,20911,128153,610,118792,8751,2017,ALASKA
4,2482311,2190319,1975438,306533,1779593,99359,1333545,13575,106583,2217,291992,1984786,13341,1971445,1230372,197714,1663690,179884,497525,420135,2703,230028,187404,1201605,8240,937998,255367,860571,2398,803419,54754,2017,ARIZONA
5,1147291,940100,784196,133894,762492,73910,550939,8293,38054,1207,207191,773515,8773,764742,476085,132716,567400,82708,373776,250212,1935,104842,143435,594197,5215,399308,189674,302882,1623,260592,40667,2017,ARKANSAS
6,12888128,11624493,10572087,1274442,9812982,451320,7454449,62990,834156,15468,1263635,10708603,68137,10640466,7024178,903444,9292907,783387,2179525,1835814,14512,1043855,777447,5193912,35714,4078026,1080172,5858402,17911,5518585,321906,2017,CALIFORNIA
7,2082531,1913892,1765143,228625,1598281,65479,1209244,9675,94189,1969,168639,1760603,14444,1746159,1151584,147218,1497662,147847,321928,265977,2497,157961,105519,904911,8056,726639,170216,911643,3891,861559,46193,2017,COLORADO
8,1361755,1201554,1106761,165522,969673,37186,748512,8924,75416,1828,160201,1124123,6674,1117449,672555,62942,1031478,42355,237632,172458,991,89865,81602,518524,3383,395041,120100,670773,2300,632543,35930,2017,CONNECTICUT
9,352357,311354,276451,43646,250865,14404,192764,2340,15462,620,41003,282455,1932,280523,167825,18646,254057,11590,69902,47210,376,25213,21621,158031,1058,118749,38224,147116,498,136561,10057,2017,DELAWARE
10,277985,245069,221515,20387,214416,11573,160160,1239,13892,259,32916,216694,1037,215657,150216,15302,195033,8542,61291,49176,147,22609,26420,86452,519,60732,25201,142357,371,132316,9670,2017,WASHINGTON DC
11,7510882,6614563,5981984,968027,5318492,285644,4001798,45377,376218,8814,896319,5945366,41996,5903370,3535023,477194,5244053,328461,1565516,1329333,8441,730802,590090,3738389,25473,2915748,797168,2443160,8082,2256820,178258,2017,FLORIDA
12,3663104,3188037,2821888,379921,2660630,162008,1997799,22215,176543,4011,475067,2829477,17081,2812396,1801234,286436,2406649,211313,833627,661097,3318,329581,328198,1726513,9819,1299630,417064,1275494,3944,1183185,88365,2017,GEORGIA
13,455502,405312,373133,48680,337020,13981,259633,2745,20239,458,50190,375435,2613,372822,250172,27831,337077,13744,80067,54070,453,28923,24694,173929,1209,133843,38877,227503,951,210056,16496,2017,HAWAII
14,609124,541670,495105,89597,424122,19692,325417,3412,20479,381,67454,476141,6054,470087,293128,52661,365151,62011,132983,102273,999,54179,47095,317738,3957,242557,71224,189113,1098,173351,14664,2017,IDAHO
15,4818452,4178390,3762550,549543,3426112,184468,2586193,28554,239347,5843,640062,3806191,29112,3777079,2485801,377178,3221458,271254,1012261,756216,4264,380500,371452,2081591,17156,1555068,509367,1980645,7692,1841511,131442,2017,ILLINOIS
16,2537189,2169022,1912406,332647,1721208,111403,1300186,18556,100170,3117,368167,1924615,21201,1903414,1162905,215374,1567606,157374,612574,428561,3690,207447,217424,1276175,12760,934349,329066,832453,4751,761618,66084,2017,INDIANA
17,1251587,1078394,973065,178563,842865,46113,643831,8126,43998,1878,173193,970584,12108,958476,596000,105446,785032,89507,281003,190447,1789,95173,93485,607459,7537,448713,151209,453681,2782,414590,36309,2017,IOWA
18,1121943,974916,873065,145900,782166,44201,589816,6645,39201,1060,147027,876189,6755,869434,553184,90616,726418,66754,245754,172597,1181,87718,83698,549006,4052,410732,134222,400340,1522,370984,27834,2017,KANSAS
19,1724514,1421295,1233286,210729,1134876,82792,855626,13365,71350,2035,303219,1267876,11452,1256424,800870,139396,1046527,101799,456638,376171,2211,175268,198692,843249,7089,616266,219894,505094,2152,464890,38052,2017,KENTUCKY
20,1737645,1417196,1194366,167963,1181471,105192,848524,11536,76388,1588,320449,1229301,9766,1219535,750479,151239,996118,106281,508344,396020,2137,169447,224436,800909,5425,562258,233226,540716,2204,487830,50682,2017,LOUISIANA
21,554061,481851,445516,103269,348419,13531,274602,3800,20720,782,72210,436178,5797,430381,236553,29235,383426,21991,117883,98104,1228,49648,47228,269851,3609,206776,59466,186106,960,173957,11189,2017,MAINE
22,2181093,1966652,1812240,229119,1639617,64900,1266182,11466,136455,1900,214441,1818026,11507,1806519,1159384,132899,1620652,82802,363067,239137,1514,126085,111538,804271,6303,610512,187456,1137685,3690,1069922,64073,2017,MARYLAND
23,2585715,2299279,2130940,315240,1866762,67787,1441024,16063,121693,3190,286436,2158489,11520,2146969,1346654,122896,1987136,63833,427226,373283,2143,204849,166291,932306,6537,725706,200063,1280126,2840,1216414,60872,2017,MASSACHUSETTS
24,3888646,3364712,2992993,505405,2682251,163070,2032865,28629,139822,5076,523934,2995068,28006,2967062,1836879,311519,2485829,215308,893578,682436,4499,341420,336517,1881927,18039,1399908,463980,1324283,5468,1225734,93081,2017,MICHIGAN
25,2153202,1919289,1769701,272706,1549159,60404,1195127,13037,86704,2255,233913,1758873,18944,1739929,1120520,162539,1480207,130000,394329,274769,2861,143548,128360,938699,11342,718354,209003,939734,4741,878027,56966,2017,MINNESOTA
26,1103514,872118,706001,107673,726329,80475,511776,8166,41328,958,231396,716598,7498,709100,453642,133894,509350,86874,386916,275318,1654,106920,166744,541056,4286,352336,184434,287140,1558,249844,35738,2017,MISSISSIPPI
27,2386203,2043379,1801843,309255,1635252,108220,1219579,15689,86940,3171,342824,1808499,17731,1790768,1144360,213973,1448360,163807,577704,419115,3229,202895,212991,1187871,10682,872860,304329,779217,3820,715013,60384,2017,MISSOURI
28,419975,361792,332499,72674,269720,12036,207133,2993,11764,369,58183,324090,4532,319558,176421,30124,261590,32509,95885,74682,898,38397,35387,212476,2661,160458,49357,132817,973,120703,11141,2017,MONTANA
29,748405,650350,587352,101282,516661,27556,393619,4387,29791,767,98055,593077,5712,587365,360448,58843,493606,44133,155328,109700,895,56087,52718,366704,3305,278396,85003,272001,1512,252882,17607,2017,NEBRASKA
30,1052249,943892,839354,118620,778591,46305,577901,5791,60168,1216,108357,840752,5914,834838,523233,84903,712405,65793,211497,159357,1010,87922,70425,521645,3761,405281,112603,371247,1143,341635,28469,2017,NEVADA
31,526710,480447,451742,88613,365134,11120,288447,3092,27413,625,46263,448573,2961,445612,257989,23282,411247,17501,78137,58553,364,33050,25139,218505,1770,174876,41859,249652,827,237686,11139,2017,NEW HAMPSHIRE
32,3199111,2844381,2618692,349689,2357019,93221,1815171,17697,158470,4275,354730,2653702,14904,2638798,1612100,146311,2445913,93135,545409,406614,2132,213214,191268,1169166,7531,893269,268366,1623331,5241,1532315,85775,2017,NEW JERSEY
33,770435,629179,547709,97792,498885,38396,367866,5106,34940,973,141256,544940,6379,538561,333107,70193,428643,54283,225495,168273,1236,75705,91332,371579,3407,257509,110663,230583,1736,205347,23500,2017,NEW MEXICO
34,7302710,6341493,5769337,906791,5108751,242663,3880711,46408,437823,10621,961217,5800278,35155,5765123,3334986,383974,5242229,233966,1502432,1242325,6504,649758,586063,2930214,18762,2213148,698304,3130171,9889,2902217,218065,2017,NEW YORK
35,3874346,3313482,2939686,457451,2690975,168759,2020223,26148,174739,3724,560864,2959479,22541,2936938,1843505,291022,2525736,191100,914867,717811,3902,343691,370218,1909516,13812,1431930,463774,1247019,4827,1161317,80875,2017,NORTH CAROLINA
36,311525,271870,247899,40353,217751,10336,167071,1951,10968,270,39655,243260,1826,241434,154880,20569,211457,15434,68265,45110,339,22650,22121,140343,997,105008,34338,126072,490,113776,11806,2017,NORTH DAKOTA
37,4633145,3974014,3520819,610979,3156183,195320,2405887,34363,170630,5544,659131,3605276,31966,3573310,2213566,351936,3063724,219887,1027869,831152,6062,422414,402676,2238176,19532,1691395,527249,1563817,6372,1459501,97944,2017,OHIO
38,1468971,1247216,1054474,158470,1030288,88171,750924,9873,80522,1758,221755,1077717,8524,1069193,713738,168741,807541,109210,391254,275149,1651,131292,142206,737959,5120,530623,202216,455863,1753,407278,46832,2017,OKLAHOMA
39,1571631,1423014,1306876,213842,1140201,49179,865593,8234,56269,1792,148617,1298425,11177,1287248,847357,119825,1088912,97067,273206,254128,2400,150308,101420,740788,6531,593742,140515,576715,2246,543198,31271,2017,OREGON
40,5007442,4244504,3842736,714802,3302016,170186,2533389,34548,187334,5112,762938,3888078,41270,3846808,2303162,283897,3447772,168679,1119364,829739,6987,401078,421674,2293474,24951,1689547,578976,1884229,9332,1756183,118714,2017,PENNSYLVANIA
41,412028,355894,322641,51974,285216,13126,220722,2901,16441,567,56134,331489,1791,329698,201341,23576,300995,9472,80539,71514,413,37263,33838,170149,1037,131921,37191,170365,341,160514,9510,2017,RHODE ISLAND
42,1871307,1575373,1367592,210937,1285450,95674,954449,13187,108280,2378,295934,1366055,10875,1355180,852983,149182,1138254,101658,505252,366172,1958,159936,204278,931106,6763,671457,252886,574029,2154,523787,48088,2017,SOUTH CAROLINA
43,339458,289523,262852,52213,220306,10985,169826,2252,14416,540,49935,259678,2779,256899,152728,23557,219006,17926,79780,53478,436,25223,27819,170069,1498,125903,42668,115911,845,105773,9293,2017,SOUTH DAKOTA
44,2547194,2118574,1838179,291153,1723220,127067,1287706,17292,112542,2270,428620,1860345,15321,1845024,1182008,229475,1514395,140961,686849,494098,3256,219466,271376,1277256,9664,916230,351362,775840,2401,709328,64111,2017,TENNESSEE
45,9430419,8256957,7145807,836272,7047317,527751,5180359,52724,502213,10416,1173462,7288964,47487,7241477,4820274,985397,5804473,667294,2141455,1514894,8974,737541,768379,4328040,26573,3190789,1110678,3587485,11940,3313147,262398,2017,TEXAS
46,938365,877065,816598,90491,746248,26081,582513,3782,37490,601,61300,791428,5940,785488,511542,68842,659101,82461,146937,105351,993,61587,42771,433051,3300,350501,79250,399963,1647,373400,24916,2017,UTAH
47,258535,226558,211774,48366,163475,5183,129675,1853,11149,355,31977,205932,2613,203319,102316,11535,182141,12048,52603,40396,558,21186,18652,120933,1528,92187,27218,97206,527,89946,6733,2017,VERMONT
48,3105636,2750148,2515256,344524,2271709,105044,1744269,15414,154693,3378,355488,2506081,20637,2485444,1640515,234838,2125477,161877,599555,406765,3041,200569,203155,1262342,12177,942321,307844,1436529,5419,1342554,88556,2017,VIRGINIA
49,2755697,2518920,2340527,333684,2064010,75251,1587343,13517,139940,2746,236777,2340307,17261,2323046,1587177,184573,2033016,140962,415390,362626,3287,217079,142260,1175061,9821,950686,214554,1218010,4153,1155281,58576,2017,WASHINGTON
50,737671,588460,514719,113034,437629,29777,334917,7612,28460,965,149211,523624,4950,518674,285504,45107,444126,40212,214047,165562,866,77561,87135,375350,3073,263915,108362,196759,1011,177198,18550,2017,WEST VIRGINIA
51,2328754,2016475,1831368,342038,1564364,80161,1202185,14807,74600,2917,312279,1841073,21229,1819844,1129804,184231,1531932,133803,487681,348410,3345,177935,167130,1127071,13170,848238,265663,853273,4714,793671,54888,2017,WISCONSIN
52,230237,206744,187197,33639,161723,7890,124168,1581,9141,199,23493,183977,1661,182316,100251,18022,144580,21754,46260,31645,202,17433,14010,106898,853,81122,24923,91694,606,83761,7327,2017,WYOMING
2,1852518,1554798,1245790,140077,1332295,200264,933535,24300,38564,479,297720,1391526,8179,1383347,1166710,263739,1035900,131910,460992,414563,1845,204927,207791,888920,4654,671774,212492,549035,1680,506646,40709,2016,ALABAMA
3,248468,233222,205666,17295,207115,15828,158715,2077,16368,20,15246,214498,1496,213002,182949,30103,172359,13427,33970,23912,322,12161,11429,98099,649,80629,16821,126457,525,120212,5720,2016,ALASKA
4,2519052,2286874,2000315,213281,1966129,179811,1461035,22204,84401,923,232178,2103159,9381,2093778,1724879,268490,1711010,211421,415893,423928,2668,264000,157260,1214919,5142,1000610,209167,880205,1571,829168,49466,2016,ARIZONA
5,1142718,966212,762565,93487,829256,132421,556371,10970,21541,248,176506,815047,4423,810624,669322,182438,561581,101107,327671,248028,1019,120357,126652,592116,2847,429909,159360,302574,557,260358,41659,2016,ARKANSAS
6,12944178,11929924,10572790,897342,10586777,800534,8058381,103156,463713,3383,1014254,11092697,37627,11055070,9545123,1244929,9360924,929237,1851481,1810922,8621,1099315,702986,5197473,19385,4289602,888486,5935783,9621,5666153,260009,2016,CALIFORNIA
7,2108992,1974118,1771849,165801,1726683,123465,1288685,15810,59026,636,134874,1842663,9114,1833549,1571596,189005,1551565,164254,266329,269978,1711,172920,95347,917694,5007,780416,132271,921320,2396,880213,38711,2016,COLORADO
8,1357269,1211810,1081363,120363,1019450,64610,817223,19028,48071,397,145459,1147665,5806,1141859,938818,98184,1019864,46782,209604,170464,1095,96922,72447,518649,3036,408852,106761,668156,1675,636085,30396,2016,CONNECTICUT
9,351085,318508,272267,29663,270033,23459,210152,4351,8446,234,32577,293465,865,292600,235748,26420,256894,14159,57620,46409,344,27087,18978,161417,386,129238,31793,143259,135,136275,6849,2016,DELAWARE
10,281241,252726,217858,15952,229594,22233,168762,2372,6145,46,28515,224807,390,224417,202964,21622,197661,9557,56434,54466,26,27557,26883,85495,273,63718,21504,141280,91,133142,8047,2016,WASHINGTON DC
11,7573456,6826272,5988124,662713,5800434,507340,4359362,83485,266601,1923,747184,6178506,31856,6146650,5042175,747989,5196071,406428,1394950,1317240,6478,774409,536353,3798415,21339,3074791,702285,2457801,4039,2297450,156312,2016,FLORIDA
12,3686135,3299116,2809778,251453,2907714,290489,2169431,37278,102419,752,387019,2984416,11422,2972994,2549569,399250,2446614,259324,701719,645905,2715,362537,280653,1743859,5801,1396041,342017,1296371,2906,1214416,79049,2016,GEORGIA
13,455868,415144,371581,37627,355896,20361,288379,6008,11594,263,40724,380863,1690,379173,324709,36861,334692,15780,75005,53678,357,28220,25101,175552,910,138607,36035,226638,423,212346,13869,2016,HAWAII
14,610872,547865,489548,67237,447234,31539,350464,6613,18022,51,63007,488924,4065,484859,399156,59107,378843,67626,121948,105567,655,59318,45594,313344,2775,249293,61276,191961,635,176248,15078,2016,IDAHO
15,4822046,4299310,3737117,385748,3710144,340064,2778538,49570,147677,1175,522736,3974812,21122,3953690,3365615,531943,3249049,311244,847234,763441,3728,428371,331342,2073918,12727,1646494,414697,1984687,4667,1878825,101195,2016,ILLINOIS
16,2533270,2223654,1890310,235567,1854975,196090,1376746,32914,54737,432,309616,2021282,14508,2006774,1648444,305125,1581682,181925,511988,418841,3110,230920,184811,1282855,8829,998218,275808,831574,2569,777636,51369,2016,INDIANA
17,1247932,1099081,953147,125622,904383,80556,703352,14123,27334,225,148851,1003251,9592,993659,821336,136400,786011,104104,244681,185713,1516,101522,82675,609642,6491,472529,130622,452577,1585,419608,31384,2016,IOWA
18,1110407,982827,852835,108437,824975,77883,620109,10230,29119,575,127580,896594,5214,891380,750977,126230,714007,71179,213813,170231,966,95802,73463,550537,3444,430429,116664,389639,804,365149,23686,2016,KANSAS
19,1717706,1457241,1209594,148813,1215066,141777,924525,26119,43782,759,260465,1335537,7551,1327986,1104776,195026,1059959,109489,382169,378300,1526,197518,179256,834812,5032,655562,174218,504594,993,474906,28695,2016,KENTUCKY
20,1720801,1453678,1159714,117105,1276748,191208,850684,17808,41723,486,267123,1285278,5529,1279749,1069023,212511,989014,131784,435523,405623,1342,203340,200941,801920,2907,604183,194830,513258,1280,472226,39752,2016,LOUISIANA
21,531660,472143,422580,71317,357700,21873,299112,9181,11856,127,59517,434316,5204,429112,324957,39805,371120,23067,97344,92436,790,52690,38956,258663,3671,205476,49516,180561,743,170946,8872,2016,MAINE
22,2194657,2013804,1807901,171124,1746857,118222,1382532,19881,89994,463,180853,1889858,7149,1882709,1627875,199591,1629909,99493,304799,246486,1125,144300,101061,802941,3938,645138,153865,1145230,2086,1093271,49873,2016,MARYLAND
23,2579398,2340065,2111531,234315,1975646,119952,1564765,30990,71896,1134,239333,2214072,8346,2205726,1843071,183354,1981553,67285,365326,361267,2033,213748,145486,924081,4399,752027,167655,1294050,1914,1239951,52185,2016,MASSACHUSETTS
24,3884153,3432208,2935637,355375,2865065,289845,2190785,52633,93982,1313,451945,3144755,18829,3125926,2578998,434153,2521344,245965,739398,679137,3511,386368,289258,1877379,12137,1484158,381084,1327637,3181,1255400,69056,2016,MICHIGAN
25,2148725,1937141,1735392,204357,1623264,101565,1294922,25798,54300,525,211584,1808477,14165,1794312,1516618,212339,1486990,146753,340248,273617,2424,152616,118577,937123,8437,753792,174894,937985,3304,887904,46777,2016,MINNESOTA
26,1091245,895804,687424,68408,790943,143384,504601,10926,34059,48,195441,776361,5279,771082,653068,193335,502297,99340,314884,271466,1021,124255,146190,532588,2958,385099,144531,287191,1300,261728,24163,2016,MISSISSIPPI
27,2372190,2084516,1774287,217451,1758844,191398,1289558,25959,45368,783,287674,1892465,11723,1880742,1583511,287577,1466319,183795,479725,407053,2932,221562,182559,1181598,7265,927940,246393,783539,1526,731240,50773,2016,MISSOURI
28,416125,365158,325736,53603,282247,20850,220613,6033,8342,33,50967,331897,3765,328132,246617,36726,265284,34446,84228,73850,1096,40950,31804,211581,1709,167900,41972,130694,960,119282,10452,2016,MONTANA
29,747562,662504,582172,71381,552460,43828,435291,8486,15960,141,85058,614925,5075,609850,510467,78707,498007,48182,132637,110144,806,62584,46754,362922,3113,289801,70008,274496,1156,257465,15875,2016,NEBRASKA
30,1055158,959855,826042,81536,838112,81374,606762,7646,39101,248,95303,857669,4263,853406,694621,111804,710291,71881,197489,164370,498,96616,67256,521165,2961,412607,105597,369623,804,344183,24636,2016,NEVADA
31,520643,480581,439122,60989,383989,21407,322397,6911,14772,56,40062,452566,2589,449977,362136,35278,403307,18381,68077,55013,342,31449,23222,219837,1632,182577,35628,245793,615,235951,9227,2016,NEW HAMPSHIRE
32,3194519,2897084,2603516,252852,2514871,166650,1962976,30858,96411,590,297435,2702697,11696,2691001,2286519,252966,2387512,111996,491822,412226,2067,234489,175670,1164196,5932,917899,240365,1618097,3697,1538613,75787,2016,NEW JERSEY
33,758364,642966,535950,67444,539650,67602,395945,7044,25350,270,115398,563565,4361,559204,444442,89982,430329,62450,194799,165938,432,82651,82855,366271,2963,270867,92441,226155,966,205686,19503,2016,NEW MEXICO
34,7209054,6397985,5637350,617208,5423059,415143,4184623,88601,266280,2498,811069,5917689,30129,5887560,4728123,632321,5101114,278312,1291365,1218475,6111,692486,519878,2878688,16669,2274200,587819,3111891,7349,2920874,183668,2016,NEW YORK
35,3882423,3418769,2925999,320056,2921397,302187,2184769,42528,112739,924,463654,3082142,16904,3065238,2521823,385433,2554426,228867,800281,720404,2858,379811,337735,1908590,10795,1506809,390986,1253429,3251,1178618,71560,2016,NORTH CAROLINA
36,315134,281090,247690,30009,234720,18290,181885,4344,7251,19,34044,257547,1038,256509,214818,26291,221456,15751,57587,46555,125,25028,21402,143562,610,115603,27349,125017,303,115878,8836,2016,NORTH DAKOTA
37,4624669,4062959,3465215,427463,3379945,343772,2614395,60474,103793,1611,561710,3765278,24916,3740362,3070023,463522,3117768,260068,859391,829908,4875,478263,346770,2237038,15343,1789051,432644,1557723,4698,1473048,79977,2016,OHIO
38,1469342,1282684,1032161,108564,1121603,160123,768647,16229,38989,526,186658,1139307,5399,1133908,964446,227348,818701,114999,330035,283469,1273,154549,127647,732444,2701,562770,166973,453429,1425,416589,35415,2016,OKLAHOMA
39,1571678,1441470,1288600,153435,1210104,81082,944184,15812,41200,638,130208,1343419,9072,1334347,1126095,147676,1109585,111756,228259,235431,1839,150607,82985,744159,5906,620807,117446,592088,1327,562933,27828,2016,OREGON
40,4937771,4290752,3750502,512513,3493538,299575,2737697,66179,133081,916,647019,4001649,29140,3972509,3247854,434916,3413403,191575,936122,796744,5928,424494,366322,2282238,17682,1787317,477239,1858789,5530,1760698,92561,2016,PENNSYLVANIA
41,408239,359106,314115,35942,299101,24912,241066,5504,10703,120,49133,338925,782,338143,280609,33785,299070,10881,69314,70406,78,39909,30419,172841,473,140974,31394,164992,231,157260,7501,2016,RHODE ISLAND
42,1877887,1634787,1357542,141069,1400178,172170,1020901,23105,75141,588,243100,1452924,6677,1446247,1222526,228896,1154847,117910,424963,358597,1384,177024,180189,931798,4243,722683,204872,587492,1050,546540,39902,2016,SOUTH CAROLINA
43,334003,292734,257562,33187,238273,18110,187695,3797,8177,146,41269,267722,2138,265584,209750,29302,224179,18453,66281,52840,652,27376,24812,166898,1082,131703,34113,114265,404,106505,7356,2016,SOUTH DAKOTA
44,2556332,2185600,1823458,208796,1861387,228901,1375918,28861,81805,819,370732,1970419,9672,1960747,1637927,321852,1538034,172147,585913,484262,1802,244222,238238,1293222,6526,991294,295402,778848,1344,725231,52273,2016,TENNESSEE
45,9535612,8579892,7121066,567978,7717881,969920,5423782,76284,343938,2080,955720,7707876,27324,7680552,6603586,1272899,5977754,749629,1827736,1505726,4480,817722,683524,4426271,15219,3485838,925214,3603615,7625,3376992,218998,2016,TEXAS
46,943147,890886,811691,64772,787690,46595,635850,6062,27775,222,52261,808884,3609,805275,685974,83501,665491,99361,134263,102107,776,62327,39004,436658,2411,363507,70740,404382,422,379441,24519,2016,UTAH
47,254851,227457,207352,38570,168231,9417,139827,4112,5931,0,27394,209394,2602,206792,143830,17591,178638,12983,45457,41224,591,23002,17631,116931,1570,93267,22094,96696,441,90523,5732,2016,VERMONT
48,3120692,2824934,2507010,253507,2434642,193905,1900213,26868,101408,681,295758,2617707,14574,2603133,2242413,321566,2152463,194972,502985,415006,1952,229239,183815,1271927,8887,1017547,245493,1433759,3735,1356347,73677,2016,VIRGINIA
49,2768076,2574874,2333072,243745,2202914,130040,1743306,23999,86782,921,193202,2431924,12174,2419750,2088819,231590,2091441,154665,336152,352225,2146,231288,118791,1170238,7152,989101,173985,1245613,2876,1199361,43376,2016,WASHINGTON
50,722125,596325,499485,79008,464871,46725,373211,15131,11859,202,125800,538877,2997,535880,392304,60107,446773,44789,183248,164098,515,85117,78466,363077,1879,272001,89197,194950,603,178762,15585,2016,WEST VIRGINIA
51,2326998,2056586,1804508,241808,1671058,143773,1316298,28568,57215,1005,270412,1909683,17952,1891731,1560070,233424,1548570,159768,417315,348339,2913,196764,148662,1119324,11446,885669,222209,859335,3593,809298,46444,2016,WISCONSIN
52,223619,203007,177962,22243,168571,12874,130316,2159,5273,0,20612,187433,1293,186140,138487,22618,146296,20282,36186,32676,244,18799,13633,104729,760,87028,16941,86214,289,80313,5612,2016,WYOMING
2,1846390,1492641,1270469,213456,1268465,209412,102632,4406,353749,1271411,10978,1260433,268187,631827,158733,558562,61316,65333,574979,421076,2467,177988,240621,907973,6234,618469,283270,517341,2277,463976,51088,2015,ALABAMA
3,250185,231202,209445,24698,204587,18735,33142,402,18983,205582,1197,204385,49100,127380,24821,96958,3374,6381,44603,26856,76,14466,12314,100741,675,77416,22650,122588,446,112503,9639,2015,ALASKA
4,2463008,2158795,1948232,287226,1858643,200534,125626,2840,304213,1934229,10945,1923284,309953,973372,171219,1099473,48374,96916,528779,431615,1776,223967,205872,1223271,6886,948711,267674,808122,2283,750606,55233,2015,ARIZONA
5,1144663,931367,789136,132369,791861,132895,66708,2534,213296,744165,9490,734675,175422,351301,109358,292760,36494,59208,400498,259127,2424,104188,152515,597841,4919,383951,208971,287695,2147,246536,39012,2015,ARKANSAS
6,12896357,11567258,10543576,1179849,10292437,923058,1208793,27202,1329099,10552961,67903,10485058,1808042,5626768,791820,5548668,830724,356293,2343396,1893023,13762,1043511,835750,5343901,33709,4138357,1171835,5659433,20432,5303190,335811,2015,CALIFORNIA
7,2074735,1898146,1762319,209437,1679951,126016,122448,3056,176589,1733731,12597,1721134,392211,896472,122751,894591,40991,81589,341004,264060,2303,151725,110032,924855,7666,731497,185692,885820,2628,837912,45280,2015,COLORADO
8,1343703,1189840,1100683,164650,1015452,81307,106329,2987,153863,1108097,6106,1101991,151171,521893,40277,757761,31506,16262,235606,181948,713,94070,87165,516659,3348,400158,113153,645096,2045,607763,35288,2015,CONNECTICUT
9,352595,307942,277528,42543,263203,27805,23040,1406,44653,275024,2096,272928,21521,118275,15275,138539,63815,5215,77571,45653,531,23111,22011,163325,1082,118793,43450,143617,483,131024,12110,2015,DELAWARE
10,281787,251674,229253,20811,229528,21494,15904,383,30113,217466,1181,216285,26318,116973,11751,130138,24182,4607,64321,47289,74,21488,25727,92487,727,65342,26418,142011,380,129455,12176,2015,WASHINGTON DC
11,7463184,6533691,5929598,943153,5537356,549931,494313,17390,929493,5823194,40830,5782364,797265,2628343,335239,3433013,457923,119334,1639990,1360052,9423,717053,633576,3785051,24247,2929841,830963,2318081,7160,2135470,175451,2015,FLORIDA
12,3656407,3171504,2820952,354461,2795850,324564,261296,5886,484903,2749795,15270,2734525,649238,1348855,220393,1339372,121666,89692,906612,677462,3015,316867,357580,1765843,8845,1299291,457707,1213102,3410,1118367,91325,2015,GEORGIA
13,445936,397193,367440,45129,349855,27300,23471,527,48743,368594,2152,366442,38508,209904,21843,255745,10991,5198,77342,53022,136,28841,24045,173435,1062,133981,38392,219479,954,203620,14905,2015,HAWAII
14,597421,532619,487424,85587,443529,43049,23560,935,64802,463564,5634,457930,131183,231321,50620,186278,10963,42799,133857,111476,613,60359,50504,309808,3673,235206,70929,176137,1348,162365,12424,2015,IDAHO
15,4794523,4136476,3733845,516547,3585560,363682,349215,10916,658047,3715784,26886,3688898,633077,2016508,320492,2098939,132338,130529,1078739,761107,3301,366106,391700,2120912,14875,1556715,549322,1912504,8710,1766077,137717,2015,ILLINOIS
16,2515143,2138978,1907376,324153,1798206,215771,135906,5925,376165,1862137,19117,1843020,358030,867208,179351,890386,151838,92649,653006,434082,3027,201213,229842,1292654,11432,924861,356361,788407,4658,716946,66803,2015,INDIANA
17,1247249,1068405,970062,162602,893460,90062,60596,4306,178844,947969,12463,935506,232043,448417,90093,399906,62691,56314,299280,197733,1834,96427,99472,622479,7504,453070,161905,427037,3125,386009,37903,2015,IOWA
18,1111582,956275,859288,135343,816947,92164,41364,1459,155307,853698,6445,847253,134782,431759,77802,431120,77557,41400,257884,177376,842,86352,90182,547840,4221,402729,140890,386366,1382,358172,26812,2015,KANSAS
19,1716168,1409686,1234486,210547,1188744,164781,83347,3312,306482,1228449,12460,1215989,279907,608544,103989,574106,67008,59030,487719,379457,1992,169638,207827,861563,8115,616028,237420,475148,2353,430323,42472,2015,KENTUCKY
20,1737908,1404473,1199041,164026,1229283,197043,107295,2291,333435,1203928,10275,1193653,214652,537815,116254,582915,73418,64088,533980,406935,2098,163911,240926,800879,5243,555142,240494,530094,2934,474600,52560,2015,LOUISIANA
21,545226,473574,443093,99048,370093,26867,28999,1442,71652,425652,5052,420600,92911,171981,22589,254161,5908,11735,119574,103693,1212,50465,52016,267222,2971,207535,56716,174311,869,162600,10842,2015,MAINE
22,2177934,1957992,1809020,219972,1723181,135376,187540,3066,219942,1784615,11608,1773007,147622,895777,99291,829826,438384,34257,393319,245122,1634,123863,119625,831432,6549,622359,202524,1101380,3425,1026785,71170,2015,MARYLAND
23,2559951,2277721,2125714,298686,1961366,135558,179646,5396,282230,2126375,11595,2114780,164198,1070740,90561,1350300,283917,20404,433576,384814,2348,209738,172728,955809,6105,746419,203285,1219328,3142,1158623,57563,2015,MASSACHUSETTS
24,3858532,3326244,2982298,477981,2824322,320673,190818,9282,532288,2895117,22942,2872175,381676,1372523,239238,1782506,89905,133269,963415,702124,4681,333801,363642,1902299,14488,1394992,492819,1254109,3773,1143382,106954,2015,MICHIGAN
25,2147262,1916415,1774272,250961,1651838,129298,113783,4758,230847,1726200,18594,1707606,384562,884344,132816,889263,71013,74257,421062,279793,3170,141246,135377,965305,10732,726536,228037,902164,4692,839824,57648,2015,MINNESOTA
26,1104371,864917,702262,104942,755671,155231,51048,1743,239454,679574,6218,673356,174795,316444,104356,222414,32736,57781,424797,284353,1489,102947,179917,546391,3683,337094,205614,273627,1046,233315,39266,2015,MISSISSIPPI
27,2374180,2024969,1796075,292862,1717063,212510,140113,4871,349211,1757244,17541,1739703,417474,864386,177868,717820,165505,100081,616936,429327,3439,197966,227922,1195038,9930,859840,325268,749815,4172,681897,63746,2015,MISSOURI
28,414804,357019,328069,69424,284974,27526,15112,1015,57785,315415,4518,310897,88560,134859,26449,124010,13421,23575,99389,75782,730,36757,38295,214807,3143,160873,50791,124215,645,113267,10303,2015,MONTANA
29,744159,645386,586839,95978,545036,53712,45071,1510,98773,585758,4425,581333,101095,272371,50998,319082,28388,28221,158401,115514,719,58379,56416,365333,2228,278471,84634,263312,1478,244483,17351,2015,NEBRASKA
30,1042065,935240,832818,114593,807388,92697,85182,1774,106825,828740,5241,823499,118651,400444,63114,486244,26663,30678,213325,165803,755,87700,77348,526962,3722,412932,110308,349300,764,322867,25669,2015,NEVADA
31,517615,471704,445583,92642,375253,23024,36574,1126,45911,439599,2421,437178,58966,191773,17199,309684,14458,9096,78016,58836,255,32680,25901,215119,1602,171474,42043,243660,564,233024,10072,2015,NEW HAMPSHIRE
32,3187963,2807574,2590826,329896,2457797,189465,215729,10080,380389,2612731,12432,2600299,159962,1189323,91252,1575787,503674,30456,575232,421547,2174,215490,203883,1212967,6482,918730,287755,1553449,3776,1466079,83594,2015,NEW JERSEY
33,761797,615841,541549,90487,518558,70337,39357,1695,145956,519133,7057,512076,147037,247969,61955,200378,12643,32024,242664,172410,1400,71360,99650,369400,3402,247613,118385,219987,2255,193103,24629,2015,NEW MEXICO
34,7233694,6265912,5752761,861481,5350754,452590,627230,19433,967782,5659733,28845,5630888,389156,2387314,226120,3469405,826220,88444,1573961,1273049,5212,644200,623637,2963509,15544,2223713,724252,2997136,8089,2762975,226072,2015,NEW YORK
35,3843745,3270209,2910512,433845,2811189,332195,253993,7738,573536,2867878,19066,2848812,542840,1412791,228245,1636521,104287,87141,975867,748197,3493,341822,402882,1920583,11005,1417491,492087,1174965,4568,1089499,80898,2015,NORTH CAROLINA
36,313475,270077,248513,39874,228991,20040,14043,528,43398,240971,1677,239294,34345,117690,16478,113076,28401,8281,72504,45909,127,21450,24332,141194,1107,103441,36646,126372,443,114403,11526,2015,NORTH DAKOTA
37,4606655,3940069,3517056,583375,3330837,390938,248050,10620,666586,3529050,24663,3504387,551182,1697281,310158,2001576,199396,117192,1077605,846416,5198,412486,428732,2256518,15228,1692891,548399,1503721,4237,1399010,100474,2015,OHIO
38,1465951,1230324,1051396,148712,1073683,161921,122962,2480,235627,1043497,5942,1037555,207250,573106,144966,462380,49711,82733,422454,282714,1392,127213,154109,744064,3583,522494,217987,439173,967,387848,50358,2015,OKLAHOMA
39,1553205,1408415,1303663,206663,1193061,97755,76113,3106,144790,1266413,11294,1255119,218487,690907,105044,675094,84099,62220,286792,259456,2140,150371,106945,749775,6065,595461,148249,543974,3089,509287,31598,2015,OREGON
40,4956037,4190794,3833679,691078,3466390,331541,275806,8633,765243,3789173,39130,3750043,575802,1738658,209078,2066141,491452,78004,1166864,831971,7178,394260,430533,2310832,22962,1676015,611855,1813234,8990,1679768,124476,2015,PENNSYLVANIA
41,407484,352538,319120,51870,298638,30677,22477,571,54946,321064,2416,318648,14646,153975,19376,173701,74681,3748,86420,74193,967,35941,37285,171579,1250,130172,40157,161712,199,152535,8978,2015,RHODE ISLAND
42,1857768,1549918,1356582,196941,1338716,174381,167393,4026,307850,1308515,9546,1298969,230419,632567,110879,677232,66890,46757,549253,375496,1883,153584,220029,940419,5409,658795,276215,541853,2254,486590,53009,2015,SOUTH CAROLINA
43,339437,288536,261804,50474,235738,24664,18003,1164,50901,257699,2169,255530,37936,119577,21535,129718,22490,12803,81738,55027,317,25286,29424,172022,1173,128492,42357,112388,679,101752,9957,2015,SOUTH DAKOTA
44,2530260,2084955,1826411,274676,1797840,241062,165094,3599,445305,1788903,13196,1775707,300811,893870,170997,911815,138661,78619,741357,503082,2064,206780,294238,1289431,9168,906500,373763,737747,1964,662427,73356,2015,TENNESSEE
45,9421412,8164910,7111157,823420,7268121,992334,665727,15137,1256502,7041311,43191,6998120,1194067,3664218,871357,3083317,661815,361266,2380101,1528342,7731,692727,827884,4419325,24422,3131287,1263616,3473745,11038,3174106,288601,2015,TEXAS
46,930980,867777,802436,81468,782844,62699,43803,750,63203,779825,6169,773656,177112,416903,66990,356622,47600,49203,151155,107234,1127,62752,43355,444144,3579,357445,83120,379602,1463,353459,24680,2015,UTAH
47,254865,221855,209866,47331,171928,9966,14996,814,33010,202770,2250,200520,64612,75224,8804,96636,8258,6540,52095,39764,458,20834,18472,120211,1055,91022,28134,94890,737,88664,5489,2015,VERMONT
48,3106895,2741793,2516436,321620,2399576,210064,196323,5158,365102,2459458,17151,2442307,270767,1291710,180024,1132027,506678,94957,647437,417863,2462,198135,217266,1303422,9455,955799,338168,1385610,5234,1288373,92003,2015,VIRGINIA
49,2728573,2494678,2334092,309223,2170960,141632,186775,4848,233895,2303347,14013,2289334,353589,1298241,167748,1387617,111926,80187,425226,362354,3011,215049,144294,1196616,7302,967483,221831,1169603,3700,1106802,59101,2015,WASHINGTON
50,734536,584679,520431,111948,464527,59966,47773,1554,149857,516488,4052,512436,117279,217643,34700,277393,7119,25645,218048,172165,1003,78667,92495,377643,2155,266983,108505,184728,894,166786,17048,2015,WEST VIRGINIA
51,2319538,2003599,1829055,327570,1662185,163545,92372,5146,315939,1801019,17157,1783862,360056,876758,166811,938974,84446,75551,518519,345737,2537,169979,173221,1151793,10668,857681,283444,822008,3952,756202,61854,2015,WISCONSIN
52,228937,205681,188496,30396,173837,16566,11428,422,23256,180263,2080,178183,38009,67530,14714,84207,7671,18056,48674,31800,69,17066,14665,106422,1373,78465,26584,90715,638,82652,7425,2015,WYOMING
